cv_score,model
0.9089938761129035,Decision Tree
0.9599453888457428,Random Fores
0.9694684698945091,Xgboost
0.9734397925605223,Lightgbm
0.9134416754517549,svm
