measure,score
MAE,0.33129655865869134
MSE,0.18402226677519729
R2-Square,0.9765287736497905
